Conjunto,Item,Peso,Altura,Largura,Comprimento,Custo,Lucro
1,1,13,17,15,17,19,141
1,2,16,14,15,17,32,198
1,3,17,21,19,34,22,196
1,4,17,18,19,20,20,188
1,5,16,15,16,36,22,202
1,6,14,19,21,19,32,195
1,7,16,17,19,20,19,185
1,8,13,15,16,19,16,141
1,9,13,17,20,20,33,196
1,10,15,19,36,18,23,193
2,1,21,16,17,17,17,150
2,2,22,17,20,20,19,195
2,3,39,14,16,18,21,210
2,4,39,15,16,17,16,207
2,5,22,16,20,20,20,192
2,6,20,16,19,20,19,195
2,7,22,17,20,21,20,200
2,8,20,16,18,16,16,150
2,9,21,20,17,18,34,207
2,10,20,14,19,19,18,150
3,1,17,21,16,14,16,139
3,2,22,21,16,16,17,182
3,3,21,22,17,16,17,186
3,4,20,19,16,13,15,139
3,5,18,20,15,32,16,199
3,6,21,22,17,15,17,179
3,7,17,18,15,14,16,139
3,8,18,20,15,13,15,139
3,9,17,20,14,15,14,139
3,10,18,21,15,12,15,139
4,1,17,18,18,17,20,180
4,2,15,17,17,16,17,135
4,3,17,15,14,34,21,191
4,4,18,14,35,14,21,193
4,5,19,20,21,33,17,188
4,6,14,16,16,16,17,135
4,7,16,14,15,14,18,135
4,8,15,15,14,14,19,135
4,9,14,17,20,16,30,194
4,10,15,16,14,15,18,135
5,1,19,32,15,18,17,197
5,2,30,16,19,16,23,205
5,3,14,16,17,16,19,144
5,4,32,22,19,20,20,200
5,5,17,18,18,21,21,186
5,6,16,18,18,21,20,189
5,7,16,17,15,18,17,144
5,8,16,19,17,21,20,187
5,9,17,19,18,21,21,192
5,10,15,15,15,20,20,144
