Conjunto,Item,1,2,3,4,5,6,7,8,9,10,Lucro
1,1,9,4,2,0,4,3,0,3,0,7,4.20
1,2,3,5,8,0,5,9,9,0,7,9,16.20
1,3,3,5,4,6,5,8,2,9,6,8,20.10
1,4,8,5,1,4,4,9,7,1,4,8,49.20
1,5,4,0,2,7,9,3,1,3,8,7,68.50
1,6,3,4,4,8,1,5,2,1,2,1,84.40
1,7,7,4,9,7,3,4,3,4,5,5,93.80
1,8,1,5,3,7,7,2,2,5,8,1,98.10
1,9,9,6,2,5,1,6,9,5,6,5,175.00
1,10,7,5,3,4,6,4,6,7,8,8,197.60
2,1,9,3,0,7,9,5,8,5,9,1,7.00
2,2,2,3,2,3,8,6,1,5,1,5,11.70
2,3,5,6,9,4,2,7,7,8,8,2,13.70
2,4,0,2,3,7,0,0,4,6,1,0,36.60
2,5,3,7,6,7,9,1,9,9,4,4,48.00
2,6,5,2,3,6,5,2,8,6,7,1,61.80
2,7,3,6,5,6,6,9,7,0,7,5,69.60
2,8,1,9,9,3,9,2,4,1,7,3,71.60
2,9,6,5,6,3,2,2,4,4,8,4,174.30
2,10,0,5,8,9,7,0,0,4,6,3,192.00
3,1,4,1,1,1,5,6,3,5,5,0,9.00
3,2,9,8,5,4,8,6,4,7,0,1,9.80
3,3,3,5,3,8,4,0,5,4,6,8,12.20
3,4,0,4,3,0,2,8,7,9,4,3,31.80
3,5,9,8,1,3,5,1,9,5,2,8,52.40
3,6,5,7,5,6,0,0,4,7,5,1,54.60
3,7,5,2,7,3,1,5,8,0,1,3,59.00
3,8,9,5,4,4,6,4,3,6,8,9,96.80
3,9,8,7,6,4,1,1,2,6,9,5,99.60
3,10,4,3,5,6,3,1,9,1,1,6,108.90
4,1,7,5,1,3,1,8,2,6,5,1,16.60
4,2,9,3,1,8,4,7,3,3,2,9,17.50
4,3,3,0,1,9,0,9,4,8,8,9,35.20
4,4,0,0,1,2,5,2,6,4,5,3,49.60
4,5,1,6,5,5,7,6,6,5,9,9,49.80
4,6,7,4,4,7,2,5,3,5,2,6,51.60
4,7,1,2,4,0,9,7,8,0,8,8,67.20
4,8,0,0,6,1,2,5,9,1,0,2,83.00
4,9,4,7,1,4,2,9,5,6,8,1,91.20
4,10,7,8,9,6,1,2,8,1,6,7,161.10
5,1,1,7,7,1,5,2,4,9,6,4,3.70
5,2,9,9,2,7,2,7,1,5,5,8,16.50
5,3,1,9,3,6,6,5,6,5,6,8,16.80
5,4,5,2,1,0,5,2,1,3,2,4,23.50
5,5,4,1,2,1,6,2,9,0,9,7,30.60
5,6,5,0,6,2,5,6,8,0,8,5,36.80
5,7,4,1,2,9,0,0,3,6,8,6,56.70
5,8,3,0,3,6,6,0,8,1,6,9,96.80
5,9,1,1,4,7,2,2,3,8,2,1,107.10
5,10,1,5,9,2,9,3,1,2,0,2,110.00
6,1,8,6,8,9,5,9,1,4,4,0,4.30
6,2,7,8,4,5,4,2,3,7,3,8,5.60
6,3,6,4,6,7,3,5,8,5,2,5,9.90
6,4,8,0,4,6,6,4,4,0,0,2,34.00
6,5,1,7,1,1,2,0,4,7,1,8,39.00
6,6,3,7,6,9,3,3,3,2,2,3,45.00
6,7,5,6,0,5,1,8,1,1,7,3,46.50
6,8,8,4,5,4,2,8,6,0,4,8,97.80
6,9,4,2,6,0,1,4,1,2,8,2,128.80
6,10,5,2,3,9,2,7,7,4,7,7,143.10
7,1,1,3,3,1,0,2,8,2,8,8,4.00
7,2,6,6,9,9,9,2,0,1,2,3,14.40
7,3,7,7,3,1,3,3,7,0,9,8,21.00
7,4,3,4,3,0,7,9,2,5,9,1,32.80
7,5,1,9,8,8,0,0,1,9,2,7,33.60
7,6,0,3,0,0,7,5,5,1,6,5,35.10
7,7,3,3,7,5,7,5,4,8,2,8,43.00
7,8,9,7,2,2,7,1,3,3,2,8,88.00
7,9,1,4,6,6,5,8,0,7,5,1,138.60
7,10,8,0,6,9,5,9,5,8,0,1,141.00
8,1,1,6,1,6,7,6,6,7,2,6,2.70
8,2,6,2,5,5,3,5,3,0,1,9,10.40
8,3,4,2,8,5,2,7,8,5,5,1,14.00
8,4,3,8,5,0,8,2,1,9,5,0,23.10
8,5,2,2,8,5,8,3,8,9,7,1,23.20
8,6,6,9,8,2,0,4,0,3,6,0,23.40
8,7,3,4,0,4,9,1,3,9,2,5,45.60
8,8,6,8,7,9,7,2,0,7,6,3,110.00
8,9,7,2,8,2,0,3,0,4,4,3,139.80
8,10,8,0,5,4,1,5,7,7,6,4,192.00
9,1,6,8,6,9,2,5,4,2,1,1,2.40
9,2,9,0,4,6,9,6,3,7,8,1,6.10
9,3,9,8,2,6,8,5,7,9,7,7,31.80
9,4,6,7,3,4,1,9,5,8,0,3,56.10
9,5,5,9,2,2,2,3,8,9,9,5,75.20
9,6,7,4,4,2,5,4,4,2,5,4,99.00
9,7,1,4,5,0,6,5,0,5,7,7,101.00
9,8,1,1,9,8,1,0,3,0,8,7,102.20
9,9,8,3,3,5,5,8,1,6,0,6,128.70
9,10,4,9,6,4,4,3,1,5,3,2,143.40
10,1,7,1,9,6,8,2,6,6,3,6,3.60
10,2,6,4,0,0,5,9,6,9,7,5,12.40
10,3,4,8,5,8,6,4,5,2,0,3,16.50
10,4,9,1,3,6,2,6,8,1,1,9,30.00
10,5,2,3,4,4,2,6,8,8,1,0,30.60
10,6,6,3,2,3,0,9,0,5,1,5,82.80
10,7,5,5,7,6,9,5,5,7,3,7,130.40
10,8,8,2,6,6,6,3,4,3,3,8,149.40
10,9,7,4,8,2,8,4,7,8,7,9,158.20
10,10,9,1,9,5,1,9,8,9,0,8,189.00
11,1,4,4,6,6,9,0,5,2,1,5,6.40
11,2,3,3,0,3,8,2,0,1,9,6,13.90
11,3,4,8,7,7,6,5,3,7,0,9,35.70
11,4,7,0,6,9,8,8,8,2,6,2,40.50
11,5,0,1,9,4,1,0,5,6,2,6,40.80
11,6,7,9,7,7,7,2,5,6,8,6,43.60
11,7,7,9,0,3,0,1,1,0,1,9,59.50
11,8,4,3,8,2,9,1,0,8,6,8,111.60
11,9,6,9,4,3,1,8,9,6,7,7,123.00
11,10,2,4,0,5,9,8,5,0,9,5,142.40
12,1,2,9,4,9,0,3,7,7,1,7,5.50
12,2,9,5,2,3,2,6,6,1,2,2,12.40
12,3,0,3,0,6,7,2,0,3,0,5,19.20
12,4,9,0,8,8,0,0,2,8,0,2,21.90
12,5,3,6,3,5,9,7,6,4,1,6,34.80
12,6,9,4,0,6,3,3,9,6,8,4,45.50
12,7,3,6,2,8,6,1,6,8,0,8,82.80
12,8,8,2,2,3,8,0,4,9,3,1,96.00
12,9,4,6,1,8,2,8,7,1,9,0,124.20
12,10,4,3,4,7,9,2,4,2,1,1,148.00
13,1,1,5,4,7,7,4,2,7,0,6,5.60
13,2,4,3,6,3,6,5,6,6,4,2,10.90
13,3,4,3,5,4,3,7,6,2,2,6,42.20
13,4,7,9,0,0,6,5,3,5,9,1,44.10
13,5,2,7,3,6,1,6,0,8,6,9,49.60
13,6,1,6,2,5,7,1,4,8,5,1,67.80
13,7,3,3,8,1,3,2,7,5,5,9,103.20
13,8,0,7,5,1,6,8,0,2,5,9,109.50
13,9,3,2,6,3,0,9,4,1,1,5,114.00
13,10,0,6,5,4,4,5,9,8,3,4,125.10
14,1,4,5,2,4,1,3,3,6,1,6,0.30
14,2,2,2,3,0,2,1,7,2,6,6,1.10
14,3,3,5,8,3,6,2,1,1,9,8,9.20
14,4,4,1,8,1,1,7,0,9,1,4,25.20
14,5,4,0,1,7,7,3,3,6,8,4,35.00
14,6,4,0,8,8,5,8,6,8,4,1,55.00
14,7,8,8,5,0,6,8,2,1,9,5,63.00
14,8,5,2,5,6,6,0,8,4,5,2,66.80
14,9,9,1,7,0,6,3,9,3,2,9,136.00
14,10,4,9,0,0,2,7,9,9,2,9,200.70
15,1,0,9,7,7,4,8,1,8,8,5,17.90
15,2,8,1,5,5,3,3,7,7,0,8,19.20
15,3,0,4,7,6,6,3,5,1,3,8,28.40
15,4,4,2,1,5,1,0,2,5,1,4,31.20
15,5,5,6,1,9,5,2,0,8,4,6,37.20
15,6,0,4,0,1,9,4,2,2,6,6,40.20
15,7,8,5,2,4,7,5,0,9,4,5,43.00
15,8,3,1,0,5,0,2,1,9,8,5,59.50
15,9,2,6,5,8,3,9,9,4,3,1,91.00
15,10,2,5,8,4,4,2,8,8,7,6,162.00
16,1,4,7,5,5,3,0,8,0,7,3,3.50
16,2,4,4,5,0,1,6,0,7,5,7,4.50
16,3,2,5,0,2,7,3,4,8,1,5,26.80
16,4,7,9,1,8,1,1,3,0,6,1,83.20
16,5,4,9,9,1,3,0,5,1,6,9,84.60
16,6,9,8,3,4,0,0,4,9,1,8,94.50
16,7,9,3,6,1,4,8,5,2,9,0,99.20
16,8,3,3,3,1,8,1,3,1,8,0,104.00
16,9,2,2,2,4,8,5,0,9,7,4,128.40
16,10,0,6,9,5,7,1,0,6,6,5,144.20
17,1,6,9,0,1,0,0,5,7,8,9,6.20
17,2,3,8,7,1,0,4,4,7,2,3,10.90
17,3,0,0,8,0,0,7,1,1,6,0,18.20
17,4,8,8,6,0,7,1,0,6,5,3,22.20
17,5,5,1,1,3,2,9,6,2,0,1,25.60
17,6,0,7,7,8,1,8,4,1,1,6,41.00
17,7,4,7,8,5,9,7,1,8,2,6,46.40
17,8,9,9,0,3,9,5,7,3,0,4,52.20
17,9,1,7,5,5,6,9,2,3,4,8,161.00
17,10,8,4,1,6,0,5,6,4,7,5,197.10
18,1,7,0,7,1,9,4,7,0,0,1,9.60
18,2,1,3,9,9,3,4,4,8,2,2,21.20
18,3,9,9,8,0,1,8,0,9,8,9,35.20
18,4,9,4,2,9,6,7,3,4,7,1,38.10
18,5,5,0,8,9,1,1,1,2,9,8,46.40
18,6,6,9,2,1,9,4,4,0,8,3,60.60
18,7,8,0,5,7,7,0,2,1,4,9,61.00
18,8,4,6,7,4,1,7,3,0,7,6,149.10
18,9,2,0,9,2,6,8,4,8,6,1,160.20
18,10,8,4,5,2,3,0,0,6,7,4,199.00
19,1,0,8,8,4,3,4,6,6,3,7,11.70
19,2,5,2,9,5,2,2,1,1,5,0,25.40
19,3,8,3,3,5,7,2,5,5,2,5,26.40
19,4,1,2,0,7,9,8,3,0,5,7,32.70
19,5,9,5,2,0,1,1,6,6,0,3,57.60
19,6,7,6,2,8,2,1,5,7,1,1,63.00
19,7,9,0,3,6,1,4,8,1,4,1,110.40
19,8,0,1,3,8,1,1,9,6,7,9,121.10
19,9,6,7,5,8,9,0,6,2,9,1,136.00
19,10,4,1,7,9,0,3,8,0,7,7,198.90
20,1,5,1,3,2,5,1,4,3,9,9,1.60
20,2,5,1,8,4,5,3,8,4,0,8,6.60
20,3,6,1,5,4,6,9,5,0,1,3,28.20
20,4,9,9,7,3,5,7,7,7,8,6,38.00
20,5,4,7,8,3,7,9,9,1,8,1,48.90
20,6,2,0,6,7,0,6,6,7,9,8,51.60
20,7,4,9,1,6,4,3,2,5,8,1,100.80
20,8,1,4,3,8,4,7,4,6,4,3,117.00
20,9,6,8,2,9,7,8,8,4,5,0,128.80
20,10,9,9,0,5,9,2,0,1,1,5,133.00
21,1,5,8,7,9,0,6,7,5,0,2,15.60
21,2,2,4,1,5,4,1,4,4,9,5,41.40
21,3,3,2,0,6,2,6,8,9,4,4,49.40
21,4,8,2,1,2,0,4,2,9,6,4,52.00
21,5,5,3,9,4,4,1,6,9,4,1,65.80
21,6,7,6,5,1,1,4,7,9,2,6,68.10
21,7,2,7,4,7,1,5,1,7,0,3,89.00
21,8,4,2,7,0,4,8,5,6,3,0,92.80
21,9,8,3,4,4,4,3,9,1,4,6,116.80
21,10,8,5,4,2,9,0,8,5,8,8,160.20
22,1,3,2,2,2,9,7,0,0,4,6,15.20
22,2,7,4,4,2,5,4,0,3,0,6,22.60
22,3,0,0,7,1,0,3,4,1,4,0,22.60
22,4,0,9,4,8,9,4,5,9,3,5,24.50
22,5,5,4,3,1,6,3,8,1,3,0,36.00
22,6,9,1,8,7,0,8,3,3,3,7,75.00
22,7,0,2,6,5,2,3,4,4,5,2,86.00
22,8,0,4,9,0,8,3,8,9,6,6,92.40
22,9,2,6,7,4,5,6,3,9,4,3,108.00
22,10,4,8,0,9,7,6,3,3,4,1,143.20
23,1,7,5,4,7,6,6,6,0,6,2,2.10
23,2,2,1,9,3,5,3,9,5,8,1,11.20
23,3,6,7,8,7,5,6,3,7,3,9,26.10
23,4,9,7,9,9,3,3,4,5,4,1,27.60
23,5,1,6,6,9,2,2,5,6,4,6,31.40
23,6,5,8,3,8,7,9,1,5,5,2,40.80
23,7,0,4,5,2,0,4,2,5,0,2,58.00
23,8,5,2,4,3,7,7,8,8,3,8,110.60
23,9,1,4,2,7,8,4,0,4,1,5,122.00
23,10,3,6,8,2,9,3,2,8,0,5,130.80
24,1,3,8,2,1,3,9,1,5,0,7,0.00
24,2,4,0,2,4,3,6,2,3,4,1,4.00
24,3,3,5,8,5,0,0,4,9,2,9,23.80
24,4,5,6,9,8,8,7,2,1,4,1,23.80
24,5,9,4,6,2,3,5,8,8,9,0,30.00
24,6,5,2,9,2,0,2,8,9,4,9,38.40
24,7,9,3,4,3,3,2,1,6,2,7,43.50
24,8,0,4,8,7,4,3,6,0,4,4,64.00
24,9,3,9,2,6,7,9,7,4,6,7,70.80
24,10,2,7,4,2,4,4,3,1,1,9,102.00
25,1,3,0,5,8,6,0,8,7,6,4,7.70
25,2,2,3,2,8,9,0,2,4,5,8,17.10
25,3,5,1,4,5,1,1,2,8,1,1,17.20
25,4,2,7,3,4,2,6,6,2,8,3,35.20
25,5,2,7,1,6,1,7,6,6,9,9,49.00
25,6,1,1,7,4,1,2,5,3,8,1,63.20
25,7,6,6,3,5,2,2,9,2,4,3,72.00
25,8,2,4,2,4,0,2,1,8,0,7,78.00
25,9,1,7,4,1,1,4,5,7,4,2,141.00
25,10,8,8,8,8,6,6,5,7,5,8,142.20
